OTU;Domain;Phylum;Class;Order;Family;Genus;Species
HQ643388.2;k__Eukaryota;p__Oomycota;c__Stramenopiles;o__Pythiales;f__Pythiaceae;g__Phytopythium;s__Phytopythium_megacarpum
MK496521.1;k__Eukaryota;p__Oomycota;c__Stramenopiles;o__Peronosporales;f__Peronosporaceae;g__Phytophthora;s__Phytophthora_richardiae
MG865580.1;k__Eukaryota;p__Oomycota;c__Stramenopiles;o__Peronosporales;f__Peronosporaceae;g__Phytophthora;s__Phytophthora_quininea
MK212930.1;k__Eukaryota;p__Oomycota;c__Stramenopiles;o__Peronosporales;f__Peronosporaceae;g__Peronospora;s__Peronospora_bulbocapni
GU189413.1;k__Eukaryota;p__Oomycota;c__Stramenopiles;o__Peronosporales;f__Peronosporaceae;g__Hyaloperonospora;s__Hyaloperonospora_norvegica
GQ919014.1;k__Eukaryota;p__Oomycota;c__Stramenopiles;o__Peronosporales;f__Peronosporaceae;g__Peronospora;s__Peronospora_verbenae
MG865528.1;k__Eukaryota;p__Oomycota;c__Stramenopiles;o__Peronosporales;f__Peronosporaceae;g__Phytophthora;s__Phytophthora_macrochlamydospora
HQ643396.2;k__Eukaryota;p__Oomycota;c__Stramenopiles;o__Pythiales;f__Pythiaceae;g__Phytopythium;s__Phytopythium_sindhum
MK394004.1;k__Eukaryota;p__Oomycota;c__Stramenopiles;o__Peronosporales;f__Peronosporaceae;g__Peronospora;s__Peronospora_variabilis
DQ665668.1;k__Eukaryota;p__Oomycota;c__Stramenopiles;o__Peronosporales;f__Peronosporaceae;g__Plasmopara;s__Plasmopara_viticola
HQ643721.2;k__Eukaryota;p__Oomycota;c__Stramenopiles;o__Pythiales;f__Pythiaceae;g__Globisporangium;s__Globisporangium_ornacarpum
EU049217.1;k__Eukaryota;p__Oomycota;c__Stramenopiles;o__Peronosporales;f__Peronosporaceae;g__Hyaloperonospora;s__Hyaloperonospora_camelinae
HQ643681.2;k__Eukaryota;p__Oomycota;c__Stramenopiles;o__Pythiales;f__Pythiaceae;g__Globisporangium;s__Globisporangium_lucens
HQ643766.1;k__Eukaryota;p__Oomycota;c__Stramenopiles;o__Pythiales;f__Pythiaceae;g__Globisporangium;s__Globisporangium_rostratifingens
MT588812.1;k__Eukaryota;p__Oomycota;c__Stramenopiles;o__Peronosporales;f__Peronosporaceae;g__Peronospora;s__Peronospora_belbahrii
KP330867.1;k__Eukaryota;p__Oomycota;c__Stramenopiles;o__Peronosporales;f__Peronosporaceae;g__Peronospora;s__Peronospora_boni-henrici
MK163944.1;k__Eukaryota;p__Oomycota;c__Stramenopiles;o__Peronosporales;f__Peronosporaceae;g__Phytophthora;s__Phytophthora_abietivora
AY211019.1;k__Eukaryota;p__Oomycota;c__Stramenopiles;o__Peronosporales;f__Peronosporaceae;g__Peronospora;s__Peronospora_manshurica
AY198246.3;k__Eukaryota;p__Oomycota;c__Stramenopiles;o__Peronosporales;f__Peronosporaceae;g__Peronospora;s__Peronospora_conglomerata
AY198253.3;k__Eukaryota;p__Oomycota;c__Stramenopiles;o__Peronosporales;f__Peronosporaceae;g__Hyaloperonospora;s__Hyaloperonospora_sisymbrii-sophiae
AY198298.3;k__Eukaryota;p__Oomycota;c__Stramenopiles;o__Peronosporales;f__Peronosporaceae;g__Peronospora;s__Peronospora_calotheca
EU049216.1;k__Eukaryota;p__Oomycota;c__Stramenopiles;o__Peronosporales;f__Peronosporaceae;g__Hyaloperonospora;s__Hyaloperonospora_brassicae
MN450332.1;k__Eukaryota;p__Oomycota;c__Stramenopiles;o__Peronosporales;f__Peronosporaceae;g__Peronospora;s__Peronospora_glechomae
MT734670.1;k__Eukaryota;p__Oomycota;c__Stramenopiles;o__Peronosporales;f__Peronosporaceae;g__Peronospora;s__Peronospora_clinopodii
MZ420209.1;k__Eukaryota;p__Oomycota;c__Stramenopiles;o__Peronosporales;f__Peronosporaceae;g__Phytophthora;s__Phytophthora_docyniae
HQ643518.2;k__Eukaryota;p__Oomycota;c__Stramenopiles;o__Pythiales;f__Pythiaceae;g__Globisporangium;s__Globisporangium_cystogenes
MG865508.1;k__Eukaryota;p__Oomycota;c__Stramenopiles;o__Peronosporales;f__Peronosporaceae;g__Phytophthora;s__Phytophthora_hydrogena
KT795475.1;k__Eukaryota;p__Oomycota;c__Stramenopiles;o__Peronosporales;f__Peronosporaceae;g__Peronospora;s__Peronospora_potentillae-anserinae
HQ643739.2;k__Eukaryota;p__Oomycota;c__Stramenopiles;o__Pythiales;f__Pythiaceae;g__Pythium;s__Pythium_pectinolyticum
MG865599.1;k__Eukaryota;p__Oomycota;c__Stramenopiles;o__Peronosporales;f__Peronosporaceae;g__Phytophthora;s__Phytophthora_x_serendipita
MF036196.1;k__Eukaryota;p__Oomycota;c__Stramenopiles;o__Peronosporales;f__Peronosporaceae;g__Phytophthora;s__Phytophthora_tubulina
AY198250.3;k__Eukaryota;p__Oomycota;c__Stramenopiles;o__Peronosporales;f__Peronosporaceae;g__Hyaloperonospora;s__Hyaloperonospora_nesliae
MT734671.1;k__Eukaryota;p__Oomycota;c__Stramenopiles;o__Peronosporales;f__Peronosporaceae;g__Peronospora;s__Peronospora_elsholtziae
KT795480.1;k__Eukaryota;p__Oomycota;c__Stramenopiles;o__Peronosporales;f__Peronosporaceae;g__Peronospora;s__Peronospora_agrimoniae
EU513600.1;k__Eukaryota;p__Oomycota;c__Stramenopiles;o__Peronosporales;f__Peronosporaceae;g__Peronospora;s__Peronospora_perillae
HQ643757.2;k__Eukaryota;p__Oomycota;c__Stramenopiles;o__Pythiales;f__Pythiaceae;g__Pythium;s__Pythium_rhizo-oryzae
HQ643373.2;k__Eukaryota;p__Oomycota;c__Stramenopiles;o__Pythiales;f__Pythiaceae;g__Phytopythium;s__Phytopythium_carbonicum
KP330778.1;k__Eukaryota;p__Oomycota;c__Stramenopiles;o__Peronosporales;f__Peronosporaceae;g__Peronospora;s__Peronospora_litoralis
AY198240.3;k__Eukaryota;p__Oomycota;c__Stramenopiles;o__Peronosporales;f__Peronosporaceae;g__Peronospora;s__Peronospora_violae
HQ643671.2;k__Eukaryota;p__Oomycota;c__Stramenopiles;o__Pythiales;f__Pythiaceae;g__Pythium;s__Pythium_kashmirense
MF784742.1;k__Eukaryota;p__Oomycota;c__Stramenopiles;o__Peronosporales;f__Peronosporaceae;g__Peronospora;s__Peronospora_stellariae-aquaticae
HQ643137.1;k__Eukaryota;p__Oomycota;c__Stramenopiles;o__Saprolegniales;f__Saprolegniaceae;g__Leptolegnia;s__Leptolegnia_caudata
MN450322.1;k__Eukaryota;p__Oomycota;c__Stramenopiles;o__Peronosporales;f__Peronosporaceae;g__Peronospora;s__Peronospora_teucrii
EF614956.1;k__Eukaryota;p__Oomycota;c__Stramenopiles;o__Peronosporales;f__Peronosporaceae;g__Peronospora;s__Peronospora_chenopodii-polyspermi
KT249109.1;k__Eukaryota;p__Oomycota;c__Stramenopiles;o__Peronosporales;f__Peronosporaceae;g__Bremia;s__Bremia_microspora
HQ643443.2;k__Eukaryota;p__Oomycota;c__Stramenopiles;o__Pythiales;f__Pythiaceae;g__Pythium;s__Pythium_apiculatum
MH730803.1;k__Eukaryota;p__Oomycota;c__Stramenopiles;o__Peronosporales;f__Peronosporaceae;g__Peronospora;s__Peronospora_hiemalis
MN784447.1;k__Eukaryota;p__Oomycota;c__Stramenopiles;o__Peronosporales;f__Peronosporaceae;g__Peronospora;s__Peronospora_viciae
HQ643727.1;k__Eukaryota;p__Oomycota;c__Stramenopiles;o__Pythiales;f__Pythiaceae;g__Pythium;s__Pythium_pachycaule
GU189410.1;k__Eukaryota;p__Oomycota;c__Stramenopiles;o__Peronosporales;f__Peronosporaceae;g__Hyaloperonospora;s__Hyaloperonospora_drabae
KT795474.1;k__Eukaryota;p__Oomycota;c__Stramenopiles;o__Peronosporales;f__Peronosporaceae;g__Peronospora;s__Peronospora_alchemillae
AY198301.3;k__Eukaryota;p__Oomycota;c__Stramenopiles;o__Peronosporales;f__Peronosporaceae;g__Peronospora;s__Peronospora_sherardiae
KY986679.1;k__Eukaryota;p__Oomycota;c__Stramenopiles;o__Peronosporales;f__Peronosporaceae;g__Peronospora;s__Peronospora_erucastri
MH730802.1;k__Eukaryota;p__Oomycota;c__Stramenopiles;o__Peronosporales;f__Peronosporaceae;g__Peronospora;s__Peronospora_arborescens
MH730809.1;k__Eukaryota;p__Oomycota;c__Stramenopiles;o__Peronosporales;f__Peronosporaceae;g__Peronospora;s__Peronospora_meconopsidis
KT795473.1;k__Eukaryota;p__Oomycota;c__Stramenopiles;o__Peronosporales;f__Peronosporaceae;g__Peronospora;s__Peronospora_potentillae-sterilis
MW599273.1;k__Eukaryota;p__Oomycota;c__Stramenopiles;o__Peronosporales;f__Peronosporaceae;g__Peronospora;s__Peronospora_eranthidis
MG865548.1;k__Eukaryota;p__Oomycota;c__Stramenopiles;o__Peronosporales;f__Peronosporaceae;g__Phytophthora;s__Phytophthora_nemorosa
MG865591.1;k__Eukaryota;p__Oomycota;c__Stramenopiles;o__Peronosporales;f__Peronosporaceae;g__Phytophthora;s__Phytophthora_tentaculata
AY198306.3;k__Eukaryota;p__Oomycota;c__Stramenopiles;o__Peronosporales;f__Peronosporaceae;g__Pseudoperonospora;s__Pseudoperonospora_cubensis
HQ643417.1;k__Eukaryota;p__Oomycota;c__Stramenopiles;o__Pythiales;f__Pythiaceae;g__Pythium;s__Pythium_aff._diclinum
MT734672.1;k__Eukaryota;p__Oomycota;c__Stramenopiles;o__Peronosporales;f__Peronosporaceae;g__Peronospora;s__Peronospora_lathyrina
HQ643682.1;k__Eukaryota;p__Oomycota;c__Stramenopiles;o__Pythiales;f__Pythiaceae;g__Pythium;s__Pythium_lutarium
AY198300.3;k__Eukaryota;p__Oomycota;c__Stramenopiles;o__Peronosporales;f__Peronosporaceae;g__Peronospora;s__Peronospora_aparines
AY211016.1;k__Eukaryota;p__Oomycota;c__Stramenopiles;o__Peronosporales;f__Peronosporaceae;g__Peronospora;s__Peronospora_corydalis
MG783381.1;k__Eukaryota;p__Oomycota;c__Stramenopiles;o__Peronosporales;f__Peronosporaceae;g__Phytophthora;s__Phytophthora_bishii
MW599272.1;k__Eukaryota;p__Oomycota;c__Stramenopiles;o__Peronosporales;f__Peronosporaceae;g__Peronospora;s__Peronospora_myosuri
MH730808.1;k__Eukaryota;p__Oomycota;c__Stramenopiles;o__Peronosporales;f__Peronosporaceae;g__Peronospora;s__Peronospora_illyrica
MT554398.1;k__Eukaryota;p__Oomycota;c__Stramenopiles;o__Peronosporales;f__Peronosporaceae;g__Peronospora;s__Peronospora_aquilegiicola
MH730817.1;k__Eukaryota;p__Oomycota;c__Stramenopiles;o__Peronosporales;f__Peronosporaceae;g__Peronospora;s__Peronospora_chrysosplenii
MG542997.1;k__Eukaryota;p__Oomycota;c__Stramenopiles;o__Peronosporales;f__Peronosporaceae;g__Phytophthora;s__Phytophthora_cacuminis
MH023352.1;k__Eukaryota;p__Oomycota;c__Stramenopiles;o__Pythiales;f__Pythiaceae;g__Pythium;s__Pythium_torulosum
HQ643442.1;k__Eukaryota;p__Oomycota;c__Stramenopiles;o__Pythiales;f__Pythiaceae;g__Pythium;s__Pythium_aphanidermatum
MG865534.1;k__Eukaryota;p__Oomycota;c__Stramenopiles;o__Peronosporales;f__Peronosporaceae;g__Phytophthora;s__Phytophthora_megakarya
MT707332.1;k__Eukaryota;p__Oomycota;c__Stramenopiles;o__Peronosporales;f__Peronosporaceae;g__Phytophthora;s__Phytophthora_alpina
MH730806.1;k__Eukaryota;p__Oomycota;c__Stramenopiles;o__Peronosporales;f__Peronosporaceae;g__Peronospora;s__Peronospora_ranunculi-sardoi
JQ031190.1;k__Eukaryota;p__Oomycota;c__Stramenopiles;o__Peronosporales;f__Peronosporaceae;g__Peronospora;s__Peronospora_stigmaticola
MG865576.1;k__Eukaryota;p__Oomycota;c__Stramenopiles;o__Peronosporales;f__Peronosporaceae;g__Phytophthora;s__Phytophthora_psychrophila
DQ885385.1;k__Eukaryota;p__Oomycota;c__Stramenopiles;o__Peronosporales;f__Peronosporaceae;g__Peronospora;s__Peronospora_destructor
MG865509.1;k__Eukaryota;p__Oomycota;c__Stramenopiles;o__Peronosporales;f__Peronosporaceae;g__Phytophthora;s__Phytophthora_idaei
KT249036.1;k__Eukaryota;p__Oomycota;c__Stramenopiles;o__Peronosporales;f__Peronosporaceae;g__Bremia;s__Bremia_lapsanae
MT762301.1;k__Eukaryota;p__Oomycota;c__Stramenopiles;o__Peronosporales;f__Peronosporaceae;g__Phytophthora;s__Phytophthora_emzansi
MG865589.1;k__Eukaryota;p__Oomycota;c__Stramenopiles;o__Peronosporales;f__Peronosporaceae;g__Phytophthora;s__Phytophthora_stricta
MT210484.1;k__Eukaryota;p__Oomycota;c__Stramenopiles;o__Peronosporales;f__Peronosporaceae;g__Phytophthora;s__Phytophthora_aquae-cooljarloo
HQ643854.2;k__Eukaryota;p__Oomycota;c__Stramenopiles;o__Pythiales;f__Pythiaceae;g__Globisporangium;s__Globisporangium_takayamanum
AY608611.1;k__Eukaryota;p__Oomycota;c__Stramenopiles;o__Peronosporales;f__Peronosporaceae;g__Peronospora;s__Peronospora_trigonotidis
MG865578.1;k__Eukaryota;p__Oomycota;c__Stramenopiles;o__Peronosporales;f__Peronosporaceae;g__Phytophthora;s__Phytophthora_quercina
KP330797.1;k__Eukaryota;p__Oomycota;c__Stramenopiles;o__Peronosporales;f__Peronosporaceae;g__Peronospora;s__Peronospora_schachtii
MG865574.1;k__Eukaryota;p__Oomycota;c__Stramenopiles;o__Peronosporales;f__Peronosporaceae;g__Phytophthora;s__Phytophthora_pseudosyringae
KP330833.1;k__Eukaryota;p__Oomycota;c__Stramenopiles;o__Peronosporales;f__Peronosporaceae;g__Peronospora;s__Peronospora_obovata
KT795477.1;k__Eukaryota;p__Oomycota;c__Stramenopiles;o__Peronosporales;f__Peronosporaceae;g__Peronospora;s__Peronospora_sanguisorbae
MK496519.1;k__Eukaryota;p__Oomycota;c__Stramenopiles;o__Peronosporales;f__Peronosporaceae;g__Phytophthora;s__Phytophthora_humicola
KP330785.1;k__Eukaryota;p__Oomycota;c__Stramenopiles;o__Peronosporales;f__Peronosporaceae;g__Peronospora;s__Peronospora_atriplicis-hastatae
MG518642.1;k__Eukaryota;p__Oomycota;c__Stramenopiles;o__Peronosporales;f__Peronosporaceae;g__Phytophthora;s__Phytophthora_acerina
MN450325.1;k__Eukaryota;p__Oomycota;c__Stramenopiles;o__Peronosporales;f__Peronosporaceae;g__Peronospora;s__Peronospora_lamii
MT177228.1;k__Eukaryota;p__Oomycota;c__Stramenopiles;o__Pythiales;f__Pythiaceae;g__Pythium;s__Pythium_tracheiphilum
AY198293.3;k__Eukaryota;p__Oomycota;c__Stramenopiles;o__Peronosporales;f__Peronosporaceae;g__Peronospora;s__Peronospora_valerianellae
KC529657.1;k__Eukaryota;p__Oomycota;c__Stramenopiles;o__Peronosporales;f__Peronosporaceae;g__Phytophthora;s__Phytophthora_pluvialis
MG865523.1;k__Eukaryota;p__Oomycota;c__Stramenopiles;o__Peronosporales;f__Peronosporaceae;g__Phytophthora;s__Phytophthora_lilii
MG865568.1;k__Eukaryota;p__Oomycota;c__Stramenopiles;o__Peronosporales;f__Peronosporaceae;g__Phytophthora;s__Phytophthora_plurivora
MG865583.1;k__Eukaryota;p__Oomycota;c__Stramenopiles;o__Peronosporales;f__Peronosporaceae;g__Phytophthora;s__Phytophthora_riparia
MG865593.1;k__Eukaryota;p__Oomycota;c__Stramenopiles;o__Peronosporales;f__Peronosporaceae;g__Phytophthora;s__Phytophthora_thermophila
MT734673.1;k__Eukaryota;p__Oomycota;c__Stramenopiles;o__Peronosporales;f__Peronosporaceae;g__Peronospora;s__Peronospora_chenopodii-ambrosioidis
HQ643111.1;k__Eukaryota;p__Oomycota;c__Stramenopiles;o__Albuginales;f__Albuginaceae;g__Albugo;s__Albugo_candida
MG865522.1;k__Eukaryota;p__Oomycota;c__Stramenopiles;o__Peronosporales;f__Peronosporaceae;g__Phytophthora;s__Phytophthora_lateralis
MG865475.1;k__Eukaryota;p__Oomycota;c__Stramenopiles;o__Peronosporales;f__Peronosporaceae;g__Phytophthora;s__Phytophthora_citricola
MH730799.1;k__Eukaryota;p__Oomycota;c__Stramenopiles;o__Peronosporales;f__Peronosporaceae;g__Peronospora;s__Peronospora_cyparissiae
KP330814.1;k__Eukaryota;p__Oomycota;c__Stramenopiles;o__Peronosporales;f__Peronosporaceae;g__Peronospora;s__Peronospora_rumicis
MF784744.1;k__Eukaryota;p__Oomycota;c__Stramenopiles;o__Peronosporales;f__Peronosporaceae;g__Peronospora;s__Peronospora_alsinearum
MF784749.1;k__Eukaryota;p__Oomycota;c__Stramenopiles;o__Peronosporales;f__Peronosporaceae;g__Peronospora;s__Peronospora_pseudostellariae
MG865527.1;k__Eukaryota;p__Oomycota;c__Stramenopiles;o__Peronosporales;f__Peronosporaceae;g__Phytophthora;s__Phytophthora_macilentosa
MF784739.1;k__Eukaryota;p__Oomycota;c__Stramenopiles;o__Peronosporales;f__Peronosporaceae;g__Peronospora;s__Peronospora_stellariae-uliginosae
HQ643419.1;k__Eukaryota;p__Oomycota;c__Stramenopiles;o__Pythiales;f__Pythiaceae;g__Pythium;s__Pythium_aff._dictyosporum
MG865511.1;k__Eukaryota;p__Oomycota;c__Stramenopiles;o__Peronosporales;f__Peronosporaceae;g__Phytophthora;s__Phytophthora_ilicis
MH730804.1;k__Eukaryota;p__Oomycota;c__Stramenopiles;o__Peronosporales;f__Peronosporaceae;g__Peronospora;s__Peronospora_ficariae
MN385741.1;k__Eukaryota;p__Oomycota;c__Stramenopiles;o__Peronosporales;f__Peronosporaceae;g__Phytophthora;s__Phytophthora_cathayensis
KT795476.1;k__Eukaryota;p__Oomycota;c__Stramenopiles;o__Peronosporales;f__Peronosporaceae;g__Peronospora;s__Peronospora_potentillae-reptantis
JQ031187.1;k__Eukaryota;p__Oomycota;c__Stramenopiles;o__Peronosporales;f__Peronosporaceae;g__Peronospora;s__Peronospora_jagei
MH730801.1;k__Eukaryota;p__Oomycota;c__Stramenopiles;o__Peronosporales;f__Peronosporaceae;g__Peronospora;s__Peronospora_argemones
MG865588.1;k__Eukaryota;p__Oomycota;c__Stramenopiles;o__Peronosporales;f__Peronosporaceae;g__Phytophthora;s__Phytophthora_sojae
AY608609.1;k__Eukaryota;p__Oomycota;c__Stramenopiles;o__Peronosporales;f__Peronosporaceae;g__Peronospora;s__Peronospora_campestris
MG793197.1;k__Eukaryota;p__Oomycota;c__Stramenopiles;o__Peronosporales;f__Peronosporaceae;g__Peronospora;s__Peronospora_effusa
HQ643956.2;k__Eukaryota;p__Oomycota;c__Stramenopiles;o__Pythiales;f__Pythiaceae;g__Globisporangium;s__Globisporangium_viniferum
MH023389.1;k__Eukaryota;p__Oomycota;c__Stramenopiles;o__Pythiales;f__Pythiaceae;g__Globisporangium;s__Globisporangium_ultimum
KP330842.1;k__Eukaryota;p__Oomycota;c__Stramenopiles;o__Peronosporales;f__Peronosporaceae;g__Peronospora;s__Peronospora_lepigoni
KP330782.1;k__Eukaryota;p__Oomycota;c__Stramenopiles;o__Peronosporales;f__Peronosporaceae;g__Peronospora;s__Peronospora_minor
MG865489.1;k__Eukaryota;p__Oomycota;c__Stramenopiles;o__Peronosporales;f__Peronosporaceae;g__Phytophthora;s__Phytophthora_fallax
MK282209.1;k__Eukaryota;p__Oomycota;c__Stramenopiles;o__Peronosporales;f__Peronosporaceae;g__Phytophthora;s__Phytophthora_aleatoria
MG865581.1;k__Eukaryota;p__Oomycota;c__Stramenopiles;o__Peronosporales;f__Peronosporaceae;g__Phytophthora;s__Phytophthora_ramorum
MG865525.1;k__Eukaryota;p__Oomycota;c__Stramenopiles;o__Peronosporales;f__Peronosporaceae;g__Phytophthora;s__Phytophthora_litchii
MG865558.1;k__Eukaryota;p__Oomycota;c__Stramenopiles;o__Peronosporales;f__Peronosporaceae;g__Phytophthora;s__Phytophthora_pachypleura
MG783380.1;k__Eukaryota;p__Oomycota;c__Stramenopiles;o__Peronosporales;f__Peronosporaceae;g__Phytophthora;s__Phytophthora_austrocedri
GQ244428.2;k__Eukaryota;p__Oomycota;c__Stramenopiles;o__Pythiales;f__Pythiaceae;g__Globisporangium;s__Globisporangium_emineosum
MH730805.1;k__Eukaryota;p__Oomycota;c__Stramenopiles;o__Peronosporales;f__Peronosporaceae;g__Peronospora;s__Peronospora_ranunculi
MG783385.1;k__Eukaryota;p__Oomycota;c__Stramenopiles;o__Peronosporales;f__Peronosporaceae;g__Phytophthora;s__Phytophthora_cactorum
HM004513.1;k__Eukaryota;p__Oomycota;c__Stramenopiles;o__Peronosporales;f__Peronosporaceae;g__Plasmopara;s__Plasmopara_nivea
MG865518.1;k__Eukaryota;p__Oomycota;c__Stramenopiles;o__Peronosporales;f__Peronosporaceae;g__Phytophthora;s__Phytophthora_ipomoeae
MG865541.1;k__Eukaryota;p__Oomycota;c__Stramenopiles;o__Peronosporales;f__Peronosporaceae;g__Phytophthora;s__Phytophthora_mirabilis
MG865559.1;k__Eukaryota;p__Oomycota;c__Stramenopiles;o__Peronosporales;f__Peronosporaceae;g__Phytophthora;s__Phytophthora_palmivora
MH730810.1;k__Eukaryota;p__Oomycota;c__Stramenopiles;o__Peronosporales;f__Peronosporaceae;g__Peronospora;s__Peronospora_pulveracea
DQ874346.1;k__Eukaryota;p__Oomycota;c__Stramenopiles;o__Peronosporales;f__Peronosporaceae;g__Peronospora;s__Peronospora_sparsa
MN557838.1;k__Eukaryota;p__Oomycota;c__Stramenopiles;o__Peronosporales;f__Peronosporaceae;g__Phytophthora;s__Phytophthora_aysenensis
MH730811.1;k__Eukaryota;p__Oomycota;c__Stramenopiles;o__Peronosporales;f__Peronosporaceae;g__Peronospora;s__Peronospora_alpicola
MN450331.1;k__Eukaryota;p__Oomycota;c__Stramenopiles;o__Peronosporales;f__Peronosporaceae;g__Peronospora;s__Peronospora_salviae-officinalis
MG865596.1;k__Eukaryota;p__Oomycota;c__Stramenopiles;o__Peronosporales;f__Peronosporaceae;g__Phytophthora;s__Phytophthora_tropicalis
MG865485.1;k__Eukaryota;p__Oomycota;c__Stramenopiles;o__Peronosporales;f__Peronosporaceae;g__Phytophthora;s__Phytophthora_elongata
KJ372262.1;k__Eukaryota;p__Oomycota;c__Stramenopiles;o__Peronosporales;f__Peronosporaceae;g__Phytophthora;s__Phytophthora_condilina
KP330800.1;k__Eukaryota;p__Oomycota;c__Stramenopiles;o__Peronosporales;f__Peronosporaceae;g__Peronospora;s__Peronospora_polycarpi
MG865519.1;k__Eukaryota;p__Oomycota;c__Stramenopiles;o__Peronosporales;f__Peronosporaceae;g__Phytophthora;s__Phytophthora_iranica
AY608608.1;k__Eukaryota;p__Oomycota;c__Stramenopiles;o__Peronosporales;f__Peronosporaceae;g__Peronospora;s__Peronospora_astragalina
MT074263.1;k__Eukaryota;p__Oomycota;c__Stramenopiles;o__Peronosporales;f__Peronosporaceae;g__Phytophthora;s__Phytophthora_theobromicola
MK524757.1;k__Eukaryota;p__Oomycota;c__Stramenopiles;o__Peronosporales;f__Peronosporaceae;g__Bremia;s__Bremia_lactucae
MG865481.1;k__Eukaryota;p__Oomycota;c__Stramenopiles;o__Peronosporales;f__Peronosporaceae;g__Phytophthora;s__Phytophthora_crassamura
MF036182.1;k__Eukaryota;p__Oomycota;c__Stramenopiles;o__Peronosporales;f__Peronosporaceae;g__Phytophthora;s__Phytophthora_castanetorum
EU049205.1;k__Eukaryota;p__Oomycota;c__Stramenopiles;o__Peronosporales;f__Peronosporaceae;g__Hyaloperonospora;s__Hyaloperonospora_parasitica
KJ372258.1;k__Eukaryota;p__Oomycota;c__Stramenopiles;o__Peronosporales;f__Peronosporaceae;g__Phytophthora;s__Phytophthora_balyanboodja
MG865506.1;k__Eukaryota;p__Oomycota;c__Stramenopiles;o__Peronosporales;f__Peronosporaceae;g__Phytophthora;s__Phytophthora_hibernalis
DQ665672.1;k__Eukaryota;p__Oomycota;c__Stramenopiles;o__Peronosporales;f__Peronosporaceae;g__Peronospora;s__Peronospora_tabacina
EU583793.1;k__Eukaryota;p__Oomycota;c__Stramenopiles;o__Peronosporales;f__Peronosporaceae;g__Phytophthora;s__Phytophthora_honggalleglyana
MG865483.1;k__Eukaryota;p__Oomycota;c__Stramenopiles;o__Peronosporales;f__Peronosporaceae;g__Phytophthora;s__Phytophthora_cryptogea
KR632862.1;k__Eukaryota;p__Oomycota;c__Stramenopiles;o__Peronosporales;f__Peronosporaceae;g__Phytophthora;s__Phytophthora_urerae
MG865575.1;k__Eukaryota;p__Oomycota;c__Stramenopiles;o__Peronosporales;f__Peronosporaceae;g__Phytophthora;s__Phytophthora_pseudotsugae
MG865546.1;k__Eukaryota;p__Oomycota;c__Stramenopiles;o__Peronosporales;f__Peronosporaceae;g__Phytophthora;s__Phytophthora_multivora
MG865504.1;k__Eukaryota;p__Oomycota;c__Stramenopiles;o__Peronosporales;f__Peronosporaceae;g__Phytophthora;s__Phytophthora_hedraiandra
KX247599.1;k__Eukaryota;p__Oomycota;c__Stramenopiles;o__Peronosporales;f__Peronosporaceae;g__Phytophthora;s__Phytophthora_alticola
HQ643444.1;k__Eukaryota;p__Oomycota;c__Stramenopiles;o__Pythiales;f__Pythiaceae;g__Pythium;s__Pythium_apleroticum
JQ031179.1;k__Eukaryota;p__Oomycota;c__Stramenopiles;o__Peronosporales;f__Peronosporaceae;g__Peronospora;s__Peronospora_violacea
MH730800.1;k__Eukaryota;p__Oomycota;c__Stramenopiles;o__Peronosporales;f__Peronosporaceae;g__Peronospora;s__Peronospora_esulae
MG865476.1;k__Eukaryota;p__Oomycota;c__Stramenopiles;o__Peronosporales;f__Peronosporaceae;g__Phytophthora;s__Phytophthora_citrophthora
HQ643712.1;k__Eukaryota;p__Oomycota;c__Stramenopiles;o__Pythiales;f__Pythiaceae;g__Phytopythium;s__Phytopythium_oedochilum
MG865479.1;k__Eukaryota;p__Oomycota;c__Stramenopiles;o__Peronosporales;f__Peronosporaceae;g__Phytophthora;s__Phytophthora_colocasiae
MG865544.1;k__Eukaryota;p__Oomycota;c__Stramenopiles;o__Peronosporales;f__Peronosporaceae;g__Phytophthora;s__Phytophthora_multivesiculata
MZ753914.1;k__Eukaryota;p__Oomycota;c__Stramenopiles;o__Peronosporales;f__Peronosporaceae;g__Phytophthora;s__Phytophthora_infestans
MG865470.1;k__Eukaryota;p__Oomycota;c__Stramenopiles;o__Peronosporales;f__Peronosporaceae;g__Phytophthora;s__Phytophthora_castaneae
HQ643363.1;k__Eukaryota;p__Oomycota;c__Stramenopiles;o__Peronosporales;f__Peronosporaceae;g__Phytophthora;s__Phytophthora_tabaci
MK496516.1;k__Eukaryota;p__Oomycota;c__Stramenopiles;o__Peronosporales;f__Peronosporaceae;g__Phytophthora;s__Phytophthora_botryosa
MG865564.1;k__Eukaryota;p__Oomycota;c__Stramenopiles;o__Peronosporales;f__Peronosporaceae;g__Phytophthora;s__Phytophthora_phaseoli
KJ631538.1;k__Eukaryota;p__Oomycota;c__Stramenopiles;o__Peronosporales;f__Peronosporaceae;g__Phytophthora;s__Phytophthora_caryae
KY982930.1;k__Eukaryota;p__Oomycota;c__Stramenopiles;o__Peronosporales;f__Peronosporaceae;g__Phytophthora;s__Phytophthora_oleae
MG865520.1;k__Eukaryota;p__Oomycota;c__Stramenopiles;o__Peronosporales;f__Peronosporaceae;g__Phytophthora;s__Phytophthora_irrigata
MG865478.1;k__Eukaryota;p__Oomycota;c__Stramenopiles;o__Peronosporales;f__Peronosporaceae;g__Phytophthora;s__Phytophthora_cocois
KT886034.1;k__Eukaryota;p__Oomycota;c__Stramenopiles;o__Peronosporales;f__Peronosporaceae;g__Phytophthora;s__Phytophthora_estuarina
EU925376.1;k__Eukaryota;p__Oomycota;c__Stramenopiles;o__Peronosporales;f__Peronosporaceae;g__Phytophthora;s__Phytophthora_rosacearum
MG865466.1;k__Eukaryota;p__Oomycota;c__Stramenopiles;o__Peronosporales;f__Peronosporaceae;g__Phytophthora;s__Phytophthora_capensis
MG865569.1;k__Eukaryota;p__Oomycota;c__Stramenopiles;o__Peronosporales;f__Peronosporaceae;g__Phytophthora;s__Phytophthora_porri
MG865573.1;k__Eukaryota;p__Oomycota;c__Stramenopiles;o__Peronosporales;f__Peronosporaceae;g__Phytophthora;s__Phytophthora_pseudolactucae
MG865565.1;k__Eukaryota;p__Oomycota;c__Stramenopiles;o__Peronosporales;f__Peronosporaceae;g__Phytophthora;s__Phytophthora_pini
MG865566.1;k__Eukaryota;p__Oomycota;c__Stramenopiles;o__Peronosporales;f__Peronosporaceae;g__Phytophthora;s__Phytophthora_pinifolia
KC478761.1;k__Eukaryota;p__Oomycota;c__Stramenopiles;o__Peronosporales;f__Peronosporaceae;g__Phytophthora;s__Phytophthora_dauci
HQ643699.1;k__Eukaryota;p__Oomycota;c__Stramenopiles;o__Pythiales;f__Pythiaceae;g__Pythium;s__Pythium_monospermum
HQ643773.2;k__Eukaryota;p__Oomycota;c__Stramenopiles;o__Pythiales;f__Pythiaceae;g__Elongisporangium;s__Elongisporangium_senticosum
HQ643540.1;k__Eukaryota;p__Oomycota;c__Stramenopiles;o__Pythiales;f__Pythiaceae;g__Pythium;s__Pythium_folliculosum
MG602692.1;k__Eukaryota;p__Oomycota;c__Stramenopiles;o__Peronosporales;f__Peronosporaceae;g__Phytophthora;s__Phytophthora_agathidicida
HQ643690.1;k__Eukaryota;p__Oomycota;c__Stramenopiles;o__Pythiales;f__Pythiaceae;g__Globisporangium;s__Globisporangium_marsipium
GU993896.1;k__Eukaryota;p__Oomycota;c__Stramenopiles;o__Peronosporales;f__Peronosporaceae;g__Phytophthora;s__Phytophthora_inflata
KX011263.1;k__Eukaryota;p__Oomycota;c__Stramenopiles;o__Peronosporales;f__Peronosporaceae;g__Phytophthora;s__Phytophthora_acaciivora
EU591713.1;k__Eukaryota;p__Oomycota;c__Stramenopiles;o__Peronosporales;f__Peronosporaceae;g__Peronospora;s__Peronospora_farinosa
MG783373.1;k__Eukaryota;p__Oomycota;c__Stramenopiles;o__Peronosporales;f__Peronosporaceae;g__Phytophthora;s__Phytophthora_amaranthi
MG865577.1;k__Eukaryota;p__Oomycota;c__Stramenopiles;o__Peronosporales;f__Peronosporaceae;g__Phytophthora;s__Phytophthora_quercetorum
HQ643771.1;k__Eukaryota;p__Oomycota;c__Stramenopiles;o__Pythiales;f__Pythiaceae;g__Pythium;s__Pythium_scleroteichum
KT795478.1;k__Eukaryota;p__Oomycota;c__Stramenopiles;o__Peronosporales;f__Peronosporaceae;g__Peronospora;s__Peronospora_oblatispora
JQ031185.1;k__Eukaryota;p__Oomycota;c__Stramenopiles;o__Peronosporales;f__Peronosporaceae;g__Peronospora;s__Peronospora_radii
MZ569854.1;k__Eukaryota;p__Oomycota;c__Stramenopiles;o__Peronosporales;f__Peronosporaceae;g__Phytophthora;s__Phytophthora_marrasii
LC595781.1;k__Eukaryota;p__Oomycota;c__Stramenopiles;o__Peronosporales;f__Peronosporaceae;g__Phytophthora;s__Phytophthora_asparagi
MG865556.1;k__Eukaryota;p__Oomycota;c__Stramenopiles;o__Peronosporales;f__Peronosporaceae;g__Phytophthora;s__Phytophthora_ornamentata
MG865505.1;k__Eukaryota;p__Oomycota;c__Stramenopiles;o__Peronosporales;f__Peronosporaceae;g__Phytophthora;s__Phytophthora_heveae
MG865598.1;k__Eukaryota;p__Oomycota;c__Stramenopiles;o__Peronosporales;f__Peronosporaceae;g__Phytophthora;s__Phytophthora_vignae
MG865586.1;k__Eukaryota;p__Oomycota;c__Stramenopiles;o__Peronosporales;f__Peronosporaceae;g__Phytophthora;s__Phytophthora_siskiyouensis
FJ217680.1;k__Eukaryota;p__Oomycota;c__Stramenopiles;o__Peronosporales;f__Peronosporaceae;g__Phytophthora;s__Phytophthora_gemini
HQ013219.1;k__Eukaryota;p__Oomycota;c__Stramenopiles;o__Peronosporales;f__Peronosporaceae;g__Phytophthora;s__Phytophthora_arenaria
MG865539.1;k__Eukaryota;p__Oomycota;c__Stramenopiles;o__Peronosporales;f__Peronosporaceae;g__Phytophthora;s__Phytophthora_mengei
MG865516.1;k__Eukaryota;p__Oomycota;c__Stramenopiles;o__Peronosporales;f__Peronosporaceae;g__Phytophthora;s__Phytophthora_inundata
HQ643692.1;k__Eukaryota;p__Oomycota;c__Stramenopiles;o__Pythiales;f__Pythiaceae;g__Globisporangium;s__Globisporangium_mastophorum
HQ643755.1;k__Eukaryota;p__Oomycota;c__Stramenopiles;o__Pythiales;f__Pythiaceae;g__Pythium;s__Pythium_pyrilobum
KC875838.1;k__Eukaryota;p__Oomycota;c__Stramenopiles;o__Peronosporales;f__Peronosporaceae;g__Phytophthora;s__Phytophthora_mekongensis
MG865584.1;k__Eukaryota;p__Oomycota;c__Stramenopiles;o__Peronosporales;f__Peronosporaceae;g__Phytophthora;s__Phytophthora_rubi
HQ643408.2;k__Eukaryota;p__Oomycota;c__Stramenopiles;o__Pythiales;f__Pythiaceae;g__Globisporangium;s__Globisporangium_abappressorium
HQ643546.1;k__Eukaryota;p__Oomycota;c__Stramenopiles;o__Pythiales;f__Pythiaceae;g__Pythium;s__Pythium_grandisporangium
HQ643752.1;k__Eukaryota;p__Oomycota;c__Stramenopiles;o__Pythiales;f__Pythiaceae;g__Globisporangium;s__Globisporangium_polymastum
HQ643479.1;k__Eukaryota;p__Oomycota;c__Stramenopiles;o__Pythiales;f__Pythiaceae;g__Globisporangium;s__Globisporangium_buismaniae
KC478773.1;k__Eukaryota;p__Oomycota;c__Stramenopiles;o__Peronosporales;f__Peronosporaceae;g__Phytophthora;s__Phytophthora_cichorii
HQ643126.1;k__Eukaryota;p__Oomycota;c__Stramenopiles;o__Leptomitales;f__unidentified;g__Apodachlya;s__Apodachlya_minima
MG865585.1;k__Eukaryota;p__Oomycota;c__Stramenopiles;o__Peronosporales;f__Peronosporaceae;g__Phytophthora;s__Phytophthora_sansomeana
MT232393.1;k__Eukaryota;p__Oomycota;c__Stramenopiles;o__Peronosporales;f__Peronosporaceae;g__Phytophthora;s__Phytophthora_heterospora
HQ643242.1;k__Eukaryota;p__Oomycota;c__Stramenopiles;o__Peronosporales;f__Peronosporaceae;g__Phytophthora;s__Phytophthora_himalayensis
MT210487.1;k__Eukaryota;p__Oomycota;c__Stramenopiles;o__Peronosporales;f__Peronosporaceae;g__Phytophthora;s__Phytophthora_kelmanii
MG865477.1;k__Eukaryota;p__Oomycota;c__Stramenopiles;o__Peronosporales;f__Peronosporaceae;g__Phytophthora;s__Phytophthora_clandestina
EF553487.2;k__Eukaryota;p__Oomycota;c__Stramenopiles;o__Peronosporales;f__Peronosporaceae;g__Basidiophora;s__Basidiophora_entospora
HQ643955.1;k__Eukaryota;p__Oomycota;c__Stramenopiles;o__Pythiales;f__Pythiaceae;g__Phytopythium;s__Phytopythium_vexans
KJ372256.1;k__Eukaryota;p__Oomycota;c__Stramenopiles;o__Peronosporales;f__Peronosporaceae;g__Phytophthora;s__Phytophthora_moyootj
HQ643767.1;k__Eukaryota;p__Oomycota;c__Stramenopiles;o__Pythiales;f__Pythiaceae;g__Globisporangium;s__Globisporangium_rostratum
KP288376.1;k__Eukaryota;p__Oomycota;c__Stramenopiles;o__Peronosporales;f__Peronosporaceae;g__Phytophthora;s__Phytophthora_pseudocryptogea
MW892398.1;k__Eukaryota;p__Oomycota;c__Stramenopiles;o__Peronosporales;f__Peronosporaceae;g__Phytophthora;s__Phytophthora_mediterranea
KX172092.1;k__Eukaryota;p__Oomycota;c__Stramenopiles;o__Peronosporales;f__Peronosporaceae;g__Phytophthora;s__Phytophthora_chesapeakensis
HQ643524.1;k__Eukaryota;p__Oomycota;c__Stramenopiles;o__Pythiales;f__Pythiaceae;g__Pythium;s__Pythium_diclinum
MG783382.1;k__Eukaryota;p__Oomycota;c__Stramenopiles;o__Peronosporales;f__Peronosporaceae;g__Phytophthora;s__Phytophthora_boehmeriae
MG865555.1;k__Eukaryota;p__Oomycota;c__Stramenopiles;o__Peronosporales;f__Peronosporaceae;g__Phytophthora;s__Phytophthora_occultans
OP020179.1;k__Eukaryota;p__Oomycota;c__Stramenopiles;o__Peronosporales;f__Peronosporaceae;g__Phytophthora;s__Phytophthora_nicotianae
HQ643753.1;k__Eukaryota;p__Oomycota;c__Stramenopiles;o__Pythiales;f__Pythiaceae;g__Pythium;s__Pythium_porphyrae
HM004511.1;k__Eukaryota;p__Oomycota;c__Stramenopiles;o__Peronosporales;f__Peronosporaceae;g__Plasmoverna;s__Plasmoverna_anemones-ranunculoides
HQ643448.1;k__Eukaryota;p__Oomycota;c__Stramenopiles;o__Pythiales;f__Pythiaceae;g__Pythium;s__Pythium_aristosporum
MG865594.1;k__Eukaryota;p__Oomycota;c__Stramenopiles;o__Peronosporales;f__Peronosporaceae;g__Phytophthora;s__Phytophthora_trifolii
MG865529.1;k__Eukaryota;p__Oomycota;c__Stramenopiles;o__Peronosporales;f__Peronosporaceae;g__Phytophthora;s__Phytophthora_meadii
JQ029958.1;k__Eukaryota;p__Oomycota;c__Stramenopiles;o__Peronosporales;f__Peronosporaceae;g__Phytophthora;s__Phytophthora_amnicola
HQ643405.1;k__Eukaryota;p__Oomycota;c__Stramenopiles;o__Pythiales;f__Pythiogetonaceae;g__Pythiogeton;s__Pythiogeton_zeae
MG865532.1;k__Eukaryota;p__Oomycota;c__Stramenopiles;o__Peronosporales;f__Peronosporaceae;g__Phytophthora;s__Phytophthora_medicaginis
MZ753919.1;k__Eukaryota;p__Oomycota;c__Stramenopiles;o__Peronosporales;f__Peronosporaceae;g__Phytophthora;s__Phytophthora_panamensis
HQ643515.2;k__Eukaryota;p__Oomycota;c__Stramenopiles;o__Pythiales;f__Pythiaceae;g__Globisporangium;s__Globisporangium_cryptoirregulare
MG865486.1;k__Eukaryota;p__Oomycota;c__Stramenopiles;o__Peronosporales;f__Peronosporaceae;g__Phytophthora;s__Phytophthora_erythroseptica
HQ643670.1;k__Eukaryota;p__Oomycota;c__Stramenopiles;o__Pythiales;f__Pythiaceae;g__Pythium;s__Pythium_jasmonium
HQ643146.1;k__Eukaryota;p__Oomycota;c__Stramenopiles;o__Peronosporales;f__Peronosporaceae;g__Phytophthora;s__Phytophthora_arecae
MG865492.1;k__Eukaryota;p__Oomycota;c__Stramenopiles;o__Peronosporales;f__Peronosporaceae;g__Phytophthora;s__Phytophthora_foliorum
HQ643743.1;k__Eukaryota;p__Oomycota;c__Stramenopiles;o__Pythiales;f__Pythiaceae;g__Pythium;s__Pythium_periplocum
HQ643132.1;k__Eukaryota;p__Oomycota;c__Stramenopiles;o__Pythiales;f__Pythiaceae;g__Halophytophthora;s__Halophytophthora_exoprolifera
MG865484.1;k__Eukaryota;p__Oomycota;c__Stramenopiles;o__Peronosporales;f__Peronosporaceae;g__Phytophthora;s__Phytophthora_drechsleri
MG865473.1;k__Eukaryota;p__Oomycota;c__Stramenopiles;o__Peronosporales;f__Peronosporaceae;g__Phytophthora;s__Phytophthora_cinnamomi
MG865496.1;k__Eukaryota;p__Oomycota;c__Stramenopiles;o__Peronosporales;f__Peronosporaceae;g__Phytophthora;s__Phytophthora_frigida
FJ746648.1;k__Eukaryota;p__Oomycota;c__Stramenopiles;o__Peronosporales;f__Peronosporaceae;g__Phytophthora;s__Phytophthora_pistaciae
KU517151.1;k__Eukaryota;p__Oomycota;c__Stramenopiles;o__Peronosporales;f__Peronosporaceae;g__Phytophthora;s__Phytophthora_x_heterohybrida
MT568651.1;k__Eukaryota;p__Oomycota;c__Stramenopiles;o__Peronosporales;f__Peronosporaceae;g__Phytophthora;s__Phytophthora_x_vanyenensis
HQ643945.1;k__Eukaryota;p__Oomycota;c__Stramenopiles;o__Pythiales;f__Pythiaceae;g__Globisporangium;s__Globisporangium_uncinulatum
HQ643127.1;k__Eukaryota;p__Oomycota;c__Stramenopiles;o__Saprolegniales;f__Saprolegniaceae;g__Brevilegnia;s__Brevilegnia_gracilis
KT886031.1;k__Eukaryota;p__Oomycota;c__Stramenopiles;o__Peronosporales;f__Peronosporaceae;g__Phytophthora;s__Phytophthora_rhizophorae
HQ643395.1;k__Eukaryota;p__Oomycota;c__Stramenopiles;o__Pythiales;f__Pythiaceae;g__Phytopythium;s__Phytopythium_ostracodes
HQ643494.1;k__Eukaryota;p__Oomycota;c__Stramenopiles;o__Pythiales;f__Pythiaceae;g__Pythium;s__Pythium_catenulatum
KC478667.1;k__Eukaryota;p__Oomycota;c__Stramenopiles;o__Peronosporales;f__Peronosporaceae;g__Phytophthora;s__Phytophthora_parvispora
MG865472.1;k__Eukaryota;p__Oomycota;c__Stramenopiles;o__Peronosporales;f__Peronosporaceae;g__Phytophthora;s__Phytophthora_chrysanthemi
HQ643125.1;k__Eukaryota;p__Oomycota;c__Stramenopiles;o__Leptomitales;f__unidentified;g__Apodachlya;s__Apodachlya_brachynema
MG865480.1;k__Eukaryota;p__Oomycota;c__Stramenopiles;o__Peronosporales;f__Peronosporaceae;g__Phytophthora;s__Phytophthora_constricta
MG865562.1;k__Eukaryota;p__Oomycota;c__Stramenopiles;o__Peronosporales;f__Peronosporaceae;g__Phytophthora;s__Phytophthora_parsiana
HQ643679.1;k__Eukaryota;p__Oomycota;c__Stramenopiles;o__Pythiales;f__Pythiaceae;g__Pythium;s__Pythium_longandrum
HQ643134.1;k__Eukaryota;p__Oomycota;c__Stramenopiles;o__Pythiales;f__Pythiaceae;g__Phytopythium;s__Phytopythium_kandeliae
HQ643988.1;k__Eukaryota;p__Oomycota;c__Stramenopiles;o__Saprolegniales;f__Saprolegniaceae;g__Saprolegnia;s__Saprolegnia_ferax
HQ643740.1;k__Eukaryota;p__Oomycota;c__Stramenopiles;o__Pythiales;f__Pythiaceae;g__Pythium;s__Pythium_periilum
HQ643750.1;k__Eukaryota;p__Oomycota;c__Stramenopiles;o__Pythiales;f__Pythiaceae;g__Pythium;s__Pythium_plurisporium
MG865500.1;k__Eukaryota;p__Oomycota;c__Stramenopiles;o__Peronosporales;f__Peronosporaceae;g__Phytophthora;s__Phytophthora_gloveri
MG865467.1;k__Eukaryota;p__Oomycota;c__Stramenopiles;o__Peronosporales;f__Peronosporaceae;g__Phytophthora;s__Phytophthora_capsici
KY212028.1;k__Eukaryota;p__Oomycota;c__Stramenopiles;o__Peronosporales;f__Peronosporaceae;g__Phytophthora;s__Phytophthora_insulinativitatica
MZ753925.1;k__Eukaryota;p__Oomycota;c__Stramenopiles;o__Peronosporales;f__Peronosporaceae;g__Phytophthora;s__Phytophthora_transitoria
KX011279.1;k__Eukaryota;p__Oomycota;c__Stramenopiles;o__Peronosporales;f__Peronosporaceae;g__Phytophthora;s__Phytophthora_versiformis
MK496523.1;k__Eukaryota;p__Oomycota;c__Stramenopiles;o__Peronosporales;f__Peronosporaceae;g__Phytophthora;s__Phytophthora_x_pelgrandis
HQ643415.1;k__Eukaryota;p__Oomycota;c__Stramenopiles;o__Pythiales;f__Pythiaceae;g__Pythium;s__Pythium_adhaerens
MK496515.1;k__Eukaryota;p__Oomycota;c__Stramenopiles;o__Peronosporales;f__Peronosporaceae;g__Phytophthora;s__Phytophthora_andina
HQ643704.1;k__Eukaryota;p__Oomycota;c__Stramenopiles;o__Pythiales;f__Pythiaceae;g__Pythium;s__Pythium_myriotylum
MH023343.1;k__Eukaryota;p__Oomycota;c__Stramenopiles;o__Pythiales;f__Pythiaceae;g__Pythium;s__Pythium_coloratum
HQ643579.1;k__Eukaryota;p__Oomycota;c__Stramenopiles;o__Pythiales;f__Pythiaceae;g__Globisporangium;s__Globisporangium_intermedium
HQ643570.1;k__Eukaryota;p__Oomycota;c__Stramenopiles;o__Pythiales;f__Pythiaceae;g__Pythium;s__Pythium_insidiosum
HQ643472.1;k__Eukaryota;p__Oomycota;c__Stramenopiles;o__Pythiales;f__Pythiaceae;g__Pythium;s__Pythium_arrhenomanes
MH023388.1;k__Eukaryota;p__Oomycota;c__Stramenopiles;o__Pythiales;f__Pythiaceae;g__Pythium;s__Pythium_dissotocum
MG865567.1;k__Eukaryota;p__Oomycota;c__Stramenopiles;o__Peronosporales;f__Peronosporaceae;g__Phytophthora;s__Phytophthora_pisi
HQ643858.1;k__Eukaryota;p__Oomycota;c__Stramenopiles;o__Pythiales;f__Pythiaceae;g__Globisporangium;s__Globisporangium_terrestre
HQ643683.1;k__Eukaryota;p__Oomycota;c__Stramenopiles;o__Pythiales;f__Pythiaceae;g__Pythium;s__Pythium_lycopersicum
HQ643115.1;k__Eukaryota;p__Oomycota;c__Stramenopiles;o__Saprolegniales;f__Saprolegniaceae;g__Aphanomyces;s__Aphanomyces_cochlioides
HQ643129.1;k__Eukaryota;p__Oomycota;c__Stramenopiles;o__Saprolegniales;f__Saprolegniaceae;g__Brevilegnia;s__Brevilegnia_unisperma
HQ643402.1;k__Eukaryota;p__Oomycota;c__Stramenopiles;o__Saprolegniales;f__Saprolegniaceae;g__Plectospira;s__Plectospira_myriandra
MG865554.1;k__Eukaryota;p__Oomycota;c__Stramenopiles;o__Peronosporales;f__Peronosporaceae;g__Phytophthora;s__Phytophthora_obscura
HQ643380.1;k__Eukaryota;p__Oomycota;c__Stramenopiles;o__Pythiales;f__Pythiaceae;g__Phytopythium;s__Phytopythium_citrinum
MG865590.1;k__Eukaryota;p__Oomycota;c__Stramenopiles;o__Peronosporales;f__Peronosporaceae;g__Phytophthora;s__Phytophthora_syringae
HQ643434.1;k__Eukaryota;p__Oomycota;c__Stramenopiles;o__Pythiales;f__Pythiaceae;g__Pythium;s__Pythium_amasculinum
HQ643772.2;k__Eukaryota;p__Oomycota;c__Stramenopiles;o__Pythiales;f__Pythiaceae;g__Globisporangium;s__Globisporangium_segnitium
MG783376.1;k__Eukaryota;p__Oomycota;c__Stramenopiles;o__Peronosporales;f__Peronosporaceae;g__Phytophthora;s__Phytophthora_aquimorbida
KT249017.1;k__Eukaryota;p__Oomycota;c__Stramenopiles;o__Peronosporales;f__Peronosporaceae;g__Bremia;s__Bremia_tulasnei
HQ643716.1;k__Eukaryota;p__Oomycota;c__Stramenopiles;o__Pythiales;f__Pythiaceae;g__Pythium;s__Pythium_oligandrum
ON000760.1;k__Eukaryota;p__Oomycota;c__Stramenopiles;o__Peronosporales;f__Peronosporaceae;g__Phytophthora;s__Phytophthora_ludoviciana
KT249100.1;k__Eukaryota;p__Oomycota;c__Stramenopiles;o__Peronosporales;f__Peronosporaceae;g__Bremia;s__Bremia_taraxaci
KJ372244.1;k__Eukaryota;p__Oomycota;c__Stramenopiles;o__Peronosporales;f__Peronosporaceae;g__Phytophthora;s__Phytophthora_boodjera
MG865592.1;k__Eukaryota;p__Oomycota;c__Stramenopiles;o__Peronosporales;f__Peronosporaceae;g__Phytophthora;s__Phytophthora_terminalis
HQ643522.1;k__Eukaryota;p__Oomycota;c__Stramenopiles;o__Pythiales;f__Pythiaceae;g__Pythium;s__Pythium_deliense
MH023371.1;k__Eukaryota;p__Oomycota;c__Stramenopiles;o__Pythiales;f__Pythiaceae;g__Globisporangium;s__Globisporangium_sylvaticum
MG865542.1;k__Eukaryota;p__Oomycota;c__Stramenopiles;o__Peronosporales;f__Peronosporaceae;g__Phytophthora;s__Phytophthora_mississippiae
HQ643728.1;k__Eukaryota;p__Oomycota;c__Stramenopiles;o__Pythiales;f__Pythiaceae;g__Globisporangium;s__Globisporangium_paddicum
HM004232.1;k__Eukaryota;p__Oomycota;c__Stramenopiles;o__Peronosporales;f__Peronosporaceae;g__Phytophthora;s__Phytophthora_borealis
HQ643384.1;k__Eukaryota;p__Oomycota;c__Stramenopiles;o__Pythiales;f__Pythiaceae;g__Phytopythium;s__Phytopythium_helicoides
HQ643412.1;k__Eukaryota;p__Oomycota;c__Stramenopiles;o__Pythiales;f__Pythiaceae;g__Pythium;s__Pythium_acanthicum
HQ012953.1;k__Eukaryota;p__Oomycota;c__Stramenopiles;o__Peronosporales;f__Peronosporaceae;g__Phytophthora;s__Phytophthora_taxon_paludosa
HQ643672.1;k__Eukaryota;p__Oomycota;c__Stramenopiles;o__Pythiales;f__Pythiaceae;g__Globisporangium;s__Globisporangium_kunmingense
EU301169.2;k__Eukaryota;p__Oomycota;c__Stramenopiles;o__Peronosporales;f__Peronosporaceae;g__Phytophthora;s__Phytophthora_personensis
HQ643446.1;k__Eukaryota;p__Oomycota;c__Stramenopiles;o__Pythiales;f__Pythiaceae;g__Pythium;s__Pythium_aquatile
HQ643722.1;k__Eukaryota;p__Oomycota;c__Stramenopiles;o__Pythiales;f__Pythiaceae;g__Pythium;s__Pythium_ornamentatum
HQ643564.1;k__Eukaryota;p__Oomycota;c__Stramenopiles;o__Pythiales;f__Pythiaceae;g__Pythium;s__Pythium_hydnosporum
HQ643483.1;k__Eukaryota;p__Oomycota;c__Stramenopiles;o__Pythiales;f__Pythiaceae;g__Pythium;s__Pythium_capillosum
HQ643513.1;k__Eukaryota;p__Oomycota;c__Stramenopiles;o__Pythiales;f__Pythiaceae;g__Pythium;s__Pythium_conidiophorum
MG865491.1;k__Eukaryota;p__Oomycota;c__Stramenopiles;o__Peronosporales;f__Peronosporaceae;g__Phytophthora;s__Phytophthora_fluvialis
HQ643836.1;k__Eukaryota;p__Oomycota;c__Stramenopiles;o__Pythiales;f__Pythiaceae;g__Pythium;s__Pythium_sukuiense
MG865552.1;k__Eukaryota;p__Oomycota;c__Stramenopiles;o__Peronosporales;f__Peronosporaceae;g__Phytophthora;s__Phytophthora_niederhauseri
KT249117.1;k__Eukaryota;p__Oomycota;c__Stramenopiles;o__Peronosporales;f__Peronosporaceae;g__Bremia;s__Bremia_ovata
MG783384.1;k__Eukaryota;p__Oomycota;c__Stramenopiles;o__Peronosporales;f__Peronosporaceae;g__Phytophthora;s__Phytophthora_brassicae
HQ643255.1;k__Eukaryota;p__Oomycota;c__Stramenopiles;o__Peronosporales;f__Peronosporaceae;g__Phytophthora;s__Phytophthora_katsurae
OP020178.1;k__Eukaryota;p__Oomycota;c__Stramenopiles;o__Peronosporales;f__Peronosporaceae;g__Phytophthora;s__Phytophthora_mexicana
MG865571.1;k__Eukaryota;p__Oomycota;c__Stramenopiles;o__Peronosporales;f__Peronosporaceae;g__Phytophthora;s__Phytophthora_primulae
HQ012957.1;k__Eukaryota;p__Oomycota;c__Stramenopiles;o__Peronosporales;f__Peronosporaceae;g__Phytophthora;s__Phytophthora_cooljarloo
KT249016.1;k__Eukaryota;p__Oomycota;c__Stramenopiles;o__Peronosporales;f__Peronosporaceae;g__Bremia;s__Bremia_aff._lagoseridis_GLM68027
MG865535.1;k__Eukaryota;p__Oomycota;c__Stramenopiles;o__Peronosporales;f__Peronosporaceae;g__Phytophthora;s__Phytophthora_megasperma
HQ261711.1;k__Eukaryota;p__Oomycota;c__Stramenopiles;o__Peronosporales;f__Peronosporaceae;g__Phytophthora;s__Phytophthora_sulawesiensis
HQ643437.1;k__Eukaryota;p__Oomycota;c__Stramenopiles;o__Pythiales;f__Pythiaceae;g__Pythium;s__Pythium_angustatum
ON000786.1;k__Eukaryota;p__Oomycota;c__Stramenopiles;o__Peronosporales;f__Peronosporaceae;g__Phytophthora;s__Phytophthora_scandinavica
HQ643094.1;k__Eukaryota;p__Oomycota;c__Stramenopiles;o__Saprolegniales;f__Saprolegniaceae;g__Achlya;s__Achlya_dubia
HQ643975.1;k__Eukaryota;p__Oomycota;c__Stramenopiles;o__Saprolegniales;f__Saprolegniaceae;g__Saprolegnia;s__Saprolegnia_asterophora
EF553509.1;k__Eukaryota;p__Oomycota;c__Stramenopiles;o__Peronosporales;f__Peronosporaceae;g__Plasmopara;s__Plasmopara_euphrasiae
MG542976.1;k__Eukaryota;p__Oomycota;c__Stramenopiles;o__Peronosporales;f__Peronosporaceae;g__Phytophthora;s__Phytophthora_oreophila
HQ643236.1;k__Eukaryota;p__Oomycota;c__Stramenopiles;o__Peronosporales;f__Peronosporaceae;g__Phytophthora;s__Phytophthora_gonapodyides
MG865488.1;k__Eukaryota;p__Oomycota;c__Stramenopiles;o__Peronosporales;f__Peronosporaceae;g__Phytophthora;s__Phytophthora_europaea
HQ643737.1;k__Eukaryota;p__Oomycota;c__Stramenopiles;o__Pythiales;f__Pythiaceae;g__Globisporangium;s__Globisporangium_paroecandrum
MG865469.1;k__Eukaryota;p__Oomycota;c__Stramenopiles;o__Peronosporales;f__Peronosporaceae;g__Phytophthora;s__Phytophthora_captiosa
HM004512.1;k__Eukaryota;p__Oomycota;c__Stramenopiles;o__Peronosporales;f__Peronosporaceae;g__Plasmopara;s__Plasmopara_pusilla
MG783378.1;k__Eukaryota;p__Oomycota;c__Stramenopiles;o__Peronosporales;f__Peronosporaceae;g__Phytophthora;s__Phytophthora_asiatica
KT248986.1;k__Eukaryota;p__Oomycota;c__Stramenopiles;o__Peronosporales;f__Peronosporaceae;g__Bremia;s__Bremia_cirsii
MG865471.1;k__Eukaryota;p__Oomycota;c__Stramenopiles;o__Peronosporales;f__Peronosporaceae;g__Phytophthora;s__Phytophthora_chlamydospora
HQ643971.1;k__Eukaryota;p__Oomycota;c__Stramenopiles;o__Pythiales;f__Pythiaceae;g__Pythium;s__Pythium_volutum
KJ372267.1;k__Eukaryota;p__Oomycota;c__Stramenopiles;o__Peronosporales;f__Peronosporaceae;g__Phytophthora;s__Phytophthora_pseudorosacearum
JN547636.1;k__Eukaryota;p__Oomycota;c__Stramenopiles;o__Peronosporales;f__Peronosporaceae;g__Phytophthora;s__Phytophthora_kwongonina
HQ643413.1;k__Eukaryota;p__Oomycota;c__Stramenopiles;o__Pythiales;f__Pythiaceae;g__Globisporangium;s__Globisporangium_acanthophoron
HQ643313.1;k__Eukaryota;p__Oomycota;c__Stramenopiles;o__Pythiales;f__Pythiaceae;g__Halophytophthora;s__Halophytophthora_polymorphica
MG865526.1;k__Eukaryota;p__Oomycota;c__Stramenopiles;o__Peronosporales;f__Peronosporaceae;g__Phytophthora;s__Phytophthora_litoralis
JQ256377.1;k__Eukaryota;p__Oomycota;c__Stramenopiles;o__Peronosporales;f__Peronosporaceae;g__Phytophthora;s__Phytophthora_bilorbang
HQ643563.1;k__Eukaryota;p__Oomycota;c__Stramenopiles;o__Pythiales;f__Pythiaceae;g__Globisporangium;s__Globisporangium_heterothallicum
MK496514.1;k__Eukaryota;p__Oomycota;c__Stramenopiles;o__Peronosporales;f__Peronosporaceae;g__Phytophthora;s__Phytophthora_uniformis
KJ705086.1;k__Eukaryota;p__Oomycota;c__Stramenopiles;o__Peronosporales;f__Peronosporaceae;g__Phytophthora;s__Phytophthora_x_stagnum
ON000767.1;k__Eukaryota;p__Oomycota;c__Stramenopiles;o__Peronosporales;f__Peronosporaceae;g__Phytophthora;s__Phytophthora_procera
HQ643677.1;k__Eukaryota;p__Oomycota;c__Stramenopiles;o__Pythiales;f__Pythiaceae;g__Phytopythium;s__Phytopythium_litorale
ON000774.1;k__Eukaryota;p__Oomycota;c__Stramenopiles;o__Peronosporales;f__Peronosporaceae;g__Phytophthora;s__Phytophthora_pseudogallica
KC875840.2;k__Eukaryota;p__Oomycota;c__Stramenopiles;o__Peronosporales;f__Peronosporaceae;g__Phytophthora;s__Phytophthora_prodigiosa
KU517156.1;k__Eukaryota;p__Oomycota;c__Stramenopiles;o__Peronosporales;f__Peronosporaceae;g__Phytophthora;s__Phytophthora_x_incrassata
MH023387.1;k__Eukaryota;p__Oomycota;c__Stramenopiles;o__Pythiales;f__Pythiaceae;g__Globisporangium;s__Globisporangium_splendens
HQ643477.1;k__Eukaryota;p__Oomycota;c__Stramenopiles;o__Pythiales;f__Pythiaceae;g__Globisporangium;s__Globisporangium_attrantheridium
HQ643525.1;k__Eukaryota;p__Oomycota;c__Stramenopiles;o__Pythiales;f__Pythiaceae;g__Elongisporangium;s__Elongisporangium_dimorphum
HQ643977.1;k__Eukaryota;p__Oomycota;c__Stramenopiles;o__Saprolegniales;f__Saprolegniaceae;g__Saprolegnia;s__Saprolegnia_delica
MK496522.1;k__Eukaryota;p__Oomycota;c__Stramenopiles;o__Peronosporales;f__Peronosporaceae;g__Phytophthora;s__Phytophthora_virginiana
HQ643680.1;k__Eukaryota;p__Oomycota;c__Stramenopiles;o__Pythiales;f__Pythiaceae;g__Globisporangium;s__Globisporangium_longisporangium
HQ643973.1;k__Eukaryota;p__Oomycota;c__Stramenopiles;o__Pythiales;f__Pythiaceae;g__Pythium;s__Pythium_zingiberis
HQ643746.1;k__Eukaryota;p__Oomycota;c__Stramenopiles;o__Pythiales;f__Pythiaceae;g__Pythium;s__Pythium_phragmitis
HQ643953.1;k__Eukaryota;p__Oomycota;c__Stramenopiles;o__Pythiales;f__Pythiaceae;g__Pythium;s__Pythium_vanterpoolii
HQ643545.1;k__Eukaryota;p__Oomycota;c__Stramenopiles;o__Pythiales;f__Pythiaceae;g__Pythium;s__Pythium_graminicola
HQ643114.1;k__Eukaryota;p__Oomycota;c__Stramenopiles;o__Saprolegniales;f__Saprolegniaceae;g__Aphanomyces;s__Aphanomyces_cladogamus
HQ643686.1;k__Eukaryota;p__Oomycota;c__Stramenopiles;o__Pythiales;f__Pythiaceae;g__Globisporangium;s__Globisporangium_macrosporum
HQ643738.1;k__Eukaryota;p__Oomycota;c__Stramenopiles;o__Pythiales;f__Pythiaceae;g__Globisporangium;s__Globisporangium_parvum
HQ643693.1;k__Eukaryota;p__Oomycota;c__Stramenopiles;o__Pythiales;f__Pythiaceae;g__Globisporangium;s__Globisporangium_megalacanthum
MG865536.1;k__Eukaryota;p__Oomycota;c__Stramenopiles;o__Peronosporales;f__Peronosporaceae;g__Phytophthora;s__Phytophthora_melonis
HQ643993.1;k__Eukaryota;p__Oomycota;c__Stramenopiles;o__Saprolegniales;f__Saprolegniaceae;g__Saprolegnia;s__Saprolegnia_megasperma
KU899188.1;k__Eukaryota;p__Oomycota;c__Stramenopiles;o__Peronosporales;f__Peronosporaceae;g__Phytophthora;s__Phytophthora_tyrrhenica
HQ643754.1;k__Eukaryota;p__Oomycota;c__Stramenopiles;o__Pythiales;f__Pythiaceae;g__Elongisporangium;s__Elongisporangium_prolatum
HQ643391.1;k__Eukaryota;p__Oomycota;c__Stramenopiles;o__Pythiales;f__Pythiaceae;g__Phytopythium;s__Phytopythium_montanum
HQ643550.1;k__Eukaryota;p__Oomycota;c__Stramenopiles;o__Pythiales;f__Pythiaceae;g__Elongisporangium;s__Elongisporangium_helicandrum
HQ643436.1;k__Eukaryota;p__Oomycota;c__Stramenopiles;o__Pythiales;f__Pythiaceae;g__Elongisporangium;s__Elongisporangium_anandrum
HQ643128.1;k__Eukaryota;p__Oomycota;c__Stramenopiles;o__Saprolegniales;f__Saprolegniaceae;g__Brevilegnia;s__Brevilegnia_macrospora
HQ643709.1;k__Eukaryota;p__Oomycota;c__Stramenopiles;o__Pythiales;f__Pythiaceae;g__Globisporangium;s__Globisporangium_nodosum
ON000780.1;k__Eukaryota;p__Oomycota;c__Stramenopiles;o__Peronosporales;f__Peronosporaceae;g__Phytophthora;s__Phytophthora_pseudokernoviae
ON000799.1;k__Eukaryota;p__Oomycota;c__Stramenopiles;o__Peronosporales;f__Peronosporaceae;g__Phytophthora;s__Phytophthora_tonkinensis
HQ643374.1;k__Eukaryota;p__Oomycota;c__Stramenopiles;o__Pythiales;f__Pythiaceae;g__Phytopythium;s__Phytopythium_chamaehyphon
KU517153.1;k__Eukaryota;p__Oomycota;c__Stramenopiles;o__Peronosporales;f__Peronosporaceae;g__Phytophthora;s__Phytophthora_formosa
MG783386.1;k__Eukaryota;p__Oomycota;c__Stramenopiles;o__Peronosporales;f__Peronosporaceae;g__Phytophthora;s__Phytophthora_cajani
HQ643794.1;k__Eukaryota;p__Oomycota;c__Stramenopiles;o__Pythiales;f__Pythiaceae;g__Globisporangium;s__Globisporangium_spinosum
HQ643689.1;k__Eukaryota;p__Oomycota;c__Stramenopiles;o__Pythiales;f__Pythiaceae;g__Globisporangium;s__Globisporangium_mamillatum
HQ643519.1;k__Eukaryota;p__Oomycota;c__Stramenopiles;o__Pythiales;f__Pythiaceae;g__Globisporangium;s__Globisporangium_debaryanum
HQ643969.1;k__Eukaryota;p__Oomycota;c__Stramenopiles;o__Pythiales;f__Pythiaceae;g__Globisporangium;s__Globisporangium_violae
HQ643107.1;k__Eukaryota;p__Oomycota;c__Stramenopiles;o__Saprolegniales;f__Saprolegniaceae;g__Achlya;s__Achlya_recurva
HQ644011.1;k__Eukaryota;p__Oomycota;c__Stramenopiles;o__Saprolegniales;f__Saprolegniaceae;g__Saprolegnia;s__Saprolegnia_terrestris
KT248974.1;k__Eukaryota;p__Oomycota;c__Stramenopiles;o__Peronosporales;f__Peronosporaceae;g__Bremia;s__Bremia_centaureae
